Handle,Title,Body (HTML),Vendor,Product Category,Type,Tags,Published,Option1 Name,Option1 Value,Variant SKU,Variant Grams,Variant Inventory Tracker,Variant Inventory Qty,Variant Inventory Policy,Variant Fulfillment Service,Variant Price,Variant Compare At Price,Variant Requires Shipping,Variant Taxable,Variant Barcode,Image Src,Image Position,Image Alt Text,Gift Card,SEO Title,SEO Description,Status
citrus-heaven,Citrus Heaven,"<p>Bright, zesty, refreshing citrus. Goat’s Milk, Tangerine, and Sweet Orange transport skin to a sweet, tropical oasis with every use.</p>
<p><strong>Key Ingredients:</strong> Goat’s Milk, Tangerine Oil, Sweet Orange Oil, Grapefruit Oil.</p>
<p><strong>Full Ingredients:</strong> Goats Milk, Lime Oil, Tangerine Oil, Sweet Orange Oil, Bergamot Oil, Lemongrass Oil, Grapefruit Oil, Lemon Oil, and Natural Preservative.</p>
<p><strong>How to Use:</strong> Work into a rich lather with warm water, massage over skin, and rinse. Store on a well-draining dish between uses.</p>
<p><strong>Weight:</strong> 7.3 oz · <strong>Collection:</strong> The Common Collection</p>
<p><em>Handmade &amp; hand-poured in small batches · 100% Natural · Made in USA.</em></p>",Royal Being,Health & Beauty > Personal Care > Cosmetics > Bath & Body > Bar Soap,Herbal Soap,"The Common Collection, Herbal Soap, Handmade, All Natural, Made in USA, Subscription Eligible",TRUE,Title,Default Title,CIT-HER-BAR-06,207,shopify,25,deny,manual,15.99,,TRUE,TRUE,,https://raw.githubusercontent.com/asharqasmani-dotcom/royal-being-images/main/citrus-heaven__citrus-heaven-1.png,1,Citrus Heaven — Royal Being herbal soap,FALSE,Citrus Heaven · The Common Collection | Royal Being,"Bright, zesty, refreshing citrus. Goat’s Milk, Tangerine, and Sweet Orange transport skin to a sweet, tropical oasis with every use.",active
detoxify,Detoxify,"<p>Pure Bentonite Clay paired with Goat’s Milk and Shea Butter for a clarifying cleanse that helps absorb the look of excess oil without dryness.</p>
<p><strong>Key Ingredients:</strong> Goat’s Milk, Bentonite Clay, Shea Butter, Patchouli Oil.</p>
<p><strong>Full Ingredients:</strong> Goats Milk, Shea Butter, Bentonite Clay, Frankincense Oil, Lemongrass Oil, Patchouli Oil, Grape Seed Oil, and Natural Preservative.</p>
<p><strong>How to Use:</strong> Work into a rich lather with warm water, massage over skin, and rinse. Store on a well-draining dish between uses.</p>
<p><strong>Weight:</strong> 6.3 oz · <strong>Collection:</strong> The Common Collection</p>
<p><em>Handmade &amp; hand-poured in small batches · 100% Natural · Made in USA.</em></p>",Royal Being,Health & Beauty > Personal Care > Cosmetics > Bath & Body > Bar Soap,Herbal Soap,"The Common Collection, Herbal Soap, Handmade, All Natural, Made in USA, Subscription Eligible",TRUE,Title,Default Title,DET-HER-BAR-06,179,shopify,25,deny,manual,17.99,,TRUE,TRUE,,https://raw.githubusercontent.com/asharqasmani-dotcom/royal-being-images/main/detoxify__detoxify-1.png,1,Detoxify — Royal Being herbal soap,FALSE,Detoxify · The Common Collection | Royal Being,Pure Bentonite Clay paired with Goat’s Milk and Shea Butter for a clarifying cleanse that helps absorb the look of excess oil without dryness.,active
blissful-lavender,Blissful Lavender,"<p>A naturally calming ritual. Goat’s Milk, Lavender Oil, and Lavender Buds create a soothing lather with a beloved, relaxing aroma.</p>
<p><strong>Key Ingredients:</strong> Goat’s Milk, Lavender Oil, Lavender Buds, Bergamot Oil.</p>
<p><strong>Full Ingredients:</strong> Goat’s Milk, Lavender Oil, Vitamin E Oil, Bergamot Oil, Mint Oil, Lavender Buds, Natural Coloring and Natural Preservative.</p>
<p><strong>How to Use:</strong> Work into a rich lather with warm water, massage over skin, and rinse. Store on a well-draining dish between uses.</p>
<p><strong>Weight:</strong> 6.3 oz · <strong>Collection:</strong> The Common Collection</p>
<p><em>Handmade &amp; hand-poured in small batches · 100% Natural · Made in USA.</em></p>",Royal Being,Health & Beauty > Personal Care > Cosmetics > Bath & Body > Bar Soap,Herbal Soap,"The Common Collection, Herbal Soap, Handmade, All Natural, Made in USA, Subscription Eligible, Featured",TRUE,Title,Default Title,,179,shopify,25,deny,manual,14.99,,TRUE,TRUE,,https://raw.githubusercontent.com/asharqasmani-dotcom/royal-being-images/main/blissful-lavender__blissful-lavender-1.png,1,Blissful Lavender — Royal Being herbal soap,FALSE,Blissful Lavender · The Common Collection | Royal Being,"A naturally calming ritual. Goat’s Milk, Lavender Oil, and Lavender Buds create a soothing lather with a beloved, relaxing aroma.",active
